{"cameraMode":{"drawMode":0,"name":"Shaded","section":"Shading Mode"},"sceneLighting":true,"audioPlay":false,"sceneViewState":{"showFog":true,"showMaterialUpdate":false,"showSkybox":true,"showFlares":true,"showImageEffects":true,"showParticleSystems":true,"showVisualEffectGraphs":true,"m_FxEnabled":true},"in2DMode":false,"pivot":{"x":-3.9250543117523195,"y":-1.0648560523986817,"z":5.56904411315918},"rotation":{"x":-0.11703138053417206,"y":0.012510061264038086,"z":-0.0014743952779099346,"w":-0.9930487275123596},"size":16.70640754699707,"orthographic":false}