{"cameraMode":{"drawMode":0,"name":"Shaded","section":"Shading Mode"},"sceneLighting":false,"audioPlay":false,"sceneViewState":{"showFog":true,"showMaterialUpdate":false,"showSkybox":false,"showFlares":true,"showImageEffects":true,"showParticleSystems":true,"showVisualEffectGraphs":true,"m_FxEnabled":true},"in2DMode":false,"pivot":{"x":3.4362406730651857,"y":10.811081886291504,"z":-1.0286692380905152},"rotation":{"x":-0.04317330941557884,"y":-0.49748337268829348,"z":0.024800704792141916,"w":-0.8660531044006348},"size":1.0071070194244385,"orthographic":false}